{
  "$schema": "../gen/schemas/desktop-schema.json",
  "identifier": "default",
  "description": "Capability for the main window",
  "windows": ["main"],
  "permissions": [
    "core:default",
    "opener:default",
    "core:window:allow-start-dragging",
    "core:window:allow-set-theme",
    "core:webview:allow-set-webview-zoom",
    "core:window:allow-is-focused",
    "core:window:allow-show",
    "core:window:allow-unminimize",
    "core:window:allow-set-focus",
    "core:window:allow-close",
    "core:window:allow-center",
    "core:window:allow-minimize",
    "core:window:allow-maximize",
    "core:window:allow-set-size",
    "core:window:allow-is-maximized",
    "core:window:allow-toggle-maximize",
    "decorum:allow-show-snap-overlay",
    "shell:default",
    "updater:default",
    "dialog:default",
    "process:default",
    "store:default",
    "window-state:default",
    "os:default",
    "notification:default",
    {
      "identifier": "http:default",
      "allow": [{ "url": "http://*" }, { "url": "https://*" }, { "url": "http://*:*/*" }]
    }
  ]
}
