{"comments":{"lineComment":"#","blockComment":["=begin","=end"]},"brackets":[["{","}"],["[","]"],["(",")"]],"autoClosingPairs":[["{","}"],["[","]"],["(",")"],{"open":"\"","close":"\"","notIn":["string"]},{"open":"'","close":"'","notIn":["string"]},{"open":"`","close":"`","notIn":["string"]}],"surroundingPairs":[["{","}"],["[","]"],["(",")"],["\"","\""],["'","'"],["`","`"]],"indentationRules":{"increaseIndentPattern":"^\\s*((begin|class|(private|protected)\\s+def|def|else|elsif|ensure|for|if|module|rescue|unless|until|when|in|while|case)|([^#]*\\sdo\\b)|([^#]*=\\s*(case|if|unless)))\\b([^#\\{;]|(\"|'|/).*\\4)*(#.*)?$","decreaseIndentPattern":"^\\s*([}\\]]([,)]?\\s*(#|$)|\\.[a-zA-Z_]\\w*\\b)|(end|rescue|ensure|else|elsif)\\b|(in|when)\\s)"}}