{"comments":{"lineComment":"//","blockComment":["/*","*/"]},"brackets":[["{","}"],["[","]"],["(",")"]],"autoClosingPairs":[["{","}"],["[","]"],["(",")"],{"open":"'","close":"'","notIn":["string","comment"]},{"open":"\"","close":"\"","notIn":["string","comment"]}],"surroundingPairs":[["{","}"],["[","]"],["(",")"],["<",">"],["'","'"],["\"","\""]],"colorizedBracketPairs":[["{","}"],["[","]"],["(",")"],["<",">"]],"folding":{"markers":{"start":"^\\s*#region\\b","end":"^\\s*#endregion\\b"}},"onEnterRules":[{"beforeText":{"pattern":"[^/]//[^/].*"},"afterText":{"pattern":"^(?!\\s*$).+"},"action":{"indent":"none","appendText":"// "}},{"beforeText":{"pattern":"^\\s*///"},"action":{"indent":"none","appendText":"/// "}}]}