{
  "$schema": "https://opencode.ai/theme.json",
  "defs": {
    "base": "#191724",
    "surface": "#1f1d2e",
    "overlay": "#26233a",
    "muted": "#6e6a86",
    "subtle": "#908caa",
    "text": "#e0def4",
    "love": "#eb6f92",
    "gold": "#f6c177",
    "rose": "#ebbcba",
    "pine": "#31748f",
    "foam": "#9ccfd8",
    "iris": "#c4a7e7",
    "highlightLow": "#21202e",
    "highlightMed": "#403d52",
    "highlightHigh": "#524f67",
    "moonBase": "#232136",
    "moonSurface": "#2a273f",
    "moonOverlay": "#393552",
    "moonMuted": "#6e6a86",
    "moonSubtle": "#908caa",
    "moonText": "#e0def4",
    "dawnBase": "#faf4ed",
    "dawnSurface": "#fffaf3",
    "dawnOverlay": "#f2e9e1",
    "dawnMuted": "#9893a5",
    "dawnSubtle": "#797593",
    "dawnText": "#575279"
  },
  "theme": {
    "primary": {
      "dark": "foam",
      "light": "pine"
    },
    "secondary": {
      "dark": "iris",
      "light": "#907aa9"
    },
    "accent": {
      "dark": "rose",
      "light": "#d7827e"
    },
    "error": {
      "dark": "love",
      "light": "#b4637a"
    },
    "warning": {
      "dark": "gold",
      "light": "#ea9d34"
    },
    "success": {
      "dark": "pine",
      "light": "#286983"
    },
    "info": {
      "dark": "foam",
      "light": "#56949f"
    },
    "text": {
      "dark": "#e0def4",
      "light": "#575279"
    },
    "textMuted": {
      "dark": "muted",
      "light": "dawnMuted"
    },
    "background": {
      "dark": "base",
      "light": "dawnBase"
    },
    "backgroundPanel": {
      "dark": "surface",
      "light": "dawnSurface"
    },
    "backgroundElement": {
      "dark": "overlay",
      "light": "dawnOverlay"
    },
    "border": {
      "dark": "highlightMed",
      "light": "#dfdad9"
    },
    "borderActive": {
      "dark": "foam",
      "light": "pine"
    },
    "borderSubtle": {
      "dark": "highlightLow",
      "light": "#f4ede8"
    },
    "diffAdded": {
      "dark": "pine",
      "light": "#286983"
    },
    "diffRemoved": {
      "dark": "love",
      "light": "#b4637a"
    },
    "diffContext": {
      "dark": "muted",
      "light": "dawnMuted"
    },
    "diffHunkHeader": {
      "dark": "iris",
      "light": "#907aa9"
    },
    "diffHighlightAdded": {
      "dark": "pine",
      "light": "#286983"
    },
    "diffHighlightRemoved": {
      "dark": "love",
      "light": "#b4637a"
    },
    "diffAddedBg": {
      "dark": "#1f2d3a",
      "light": "#e5f2f3"
    },
    "diffRemovedBg": {
      "dark": "#3a1f2d",
      "light": "#fce5e8"
    },
    "diffContextBg": {
      "dark": "surface",
      "light": "dawnSurface"
    },
    "diffLineNumber": {
      "dark": "muted",
      "light": "dawnMuted"
    },
    "diffAddedLineNumberBg": {
      "dark": "#1f2d3a",
      "light": "#e5f2f3"
    },
    "diffRemovedLineNumberBg": {
      "dark": "#3a1f2d",
      "light": "#fce5e8"
    },
    "markdownText": {
      "dark": "#e0def4",
      "light": "#575279"
    },
    "markdownHeading": {
      "dark": "iris",
      "light": "#907aa9"
    },
    "markdownLink": {
      "dark": "foam",
      "light": "pine"
    },
    "markdownLinkText": {
      "dark": "rose",
      "light": "#d7827e"
    },
    "markdownCode": {
      "dark": "pine",
      "light": "#286983"
    },
    "markdownBlockQuote": {
      "dark": "muted",
      "light": "dawnMuted"
    },
    "markdownEmph": {
      "dark": "gold",
      "light": "#ea9d34"
    },
    "markdownStrong": {
      "dark": "love",
      "light": "#b4637a"
    },
    "markdownHorizontalRule": {
      "dark": "highlightMed",
      "light": "#dfdad9"
    },
    "markdownListItem": {
      "dark": "foam",
      "light": "pine"
    },
    "markdownListEnumeration": {
      "dark": "rose",
      "light": "#d7827e"
    },
    "markdownImage": {
      "dark": "foam",
      "light": "pine"
    },
    "markdownImageText": {
      "dark": "rose",
      "light": "#d7827e"
    },
    "markdownCodeBlock": {
      "dark": "#e0def4",
      "light": "#575279"
    },
    "syntaxComment": {
      "dark": "muted",
      "light": "dawnMuted"
    },
    "syntaxKeyword": {
      "dark": "pine",
      "light": "#286983"
    },
    "syntaxFunction": {
      "dark": "rose",
      "light": "#d7827e"
    },
    "syntaxVariable": {
      "dark": "#e0def4",
      "light": "#575279"
    },
    "syntaxString": {
      "dark": "gold",
      "light": "#ea9d34"
    },
    "syntaxNumber": {
      "dark": "iris",
      "light": "#907aa9"
    },
    "syntaxType": {
      "dark": "foam",
      "light": "#56949f"
    },
    "syntaxOperator": {
      "dark": "subtle",
      "light": "dawnSubtle"
    },
    "syntaxPunctuation": {
      "dark": "subtle",
      "light": "dawnSubtle"
    }
  }
}
